{"geometry": {"amount_of_segments_poloidal": 6, "amount_of_segments_toroidal_inboard": 36, "amount_of_segments_toroidal_outboard": 36, "angle_end": 90.0, "angle_start": 0.0, "blanket_inboard_thickness": 60.0, "blanket_outboard_thickness": 90.0, "blanket_structure_thickness": 5.0, "distance_between_segments": 10.0, "elongation": 1.84, "firstwall_thickness": 1.8, "major_radius": 900.0, "manifold_thickness": 15.0, "minor_radius": 290.0, "multiplier_thickness": 5.0, "outer_sphere": 10000.0, "plasma_offset": 15.0, "reflector_thickness": 5.0, "triangularity": 0.5}, "materials": {"Blanket_inboard": {"Lithium": {"enriched": true, "enrichment_amount": 20, "enrichment_target": "Li6", "mixture_amount": 80}, "Water, Vapor": {"enriched": false, "mixture_amount": 10}, "eurofer": {"enriched": false, "mixture_amount": 10}}, "Blanket_outboard": {"Lithium": {"enriched": true, "enrichment_amount": 20, "enrichment_target": "Li6", "mixture_amount": 80}, "Water, Vapor": {"enriched": false, "mixture_amount": 10}, "eurofer": {"enriched": false, "mixture_amount": 10}}, "Divertor": {"Tungsten": {"enriched": false, "mixture_amount": 100}}, "Firstwall_inboard": {"Tungsten": {"enriched": false, "mixture_amount": 100}}, "Firstwall_outboard": {"Tungsten": {"enriched": false, "mixture_amount": 100}}, "Inboard_Structure_Blanket": {"Helium, Natural": {"enriched": false, "mixture_amount": 20}, "eurofer": {"enriched": false, "mixture_amount": 80}}, "Manifold_inboard": {"Nitrogen": {"enriched": false, "mixture_amount": 20}, "eurofer": {"enriched": false, "mixture_amount": 80}}, "Manifold_outboard": {"Nitrogen": {"enriched": false, "mixture_amount": 20}, "eurofer": {"enriched": false, "mixture_amount": 80}}, "Multiplier_inboard": {"Be12Ti": {"enriched": false, "mixture_amount": 100}}, "Multiplier_outboard": {"Be12Ti": {"enriched": false, "mixture_amount": 100}}, "Outboard_Structure_Blanket": {"Xenon": {"enriched": false, "mixture_amount": 20}, "eurofer": {"enriched": false, "mixture_amount": 80}}, "Reflector_inboard": {"Beryllium": {"enriched": false, "mixture_amount": 100}}, "Reflector_outboard": {"Beryllium": {"enriched": false, "mixture_amount": 100}}}, "settings": {"batches": 5, "blanket_type": "User", "num_tracks": 0, "particles": 1000, "run_mode": "fixed source", "temperature": 600.0}, "source": {"type": "tokamak source"}, "tally": {"absorbtion_tally_materials": ["Firstwall_inboard", "Firstwall_outboard", "Inboard_Structure_Blanket", "Outboard_Structure_Blanket", "Reflector_inboard", "Reflector_outboard"], "multiplication_tally_materials": ["Multiplier_inboard", "Multiplier_outboard"], "scatter_tally_materials": ["Firstwall_inboard", "Firstwall_outboard", "Inboard_Structure_Blanket", "Outboard_Structure_Blanket", "Reflector_inboard", "Reflector_outboard"], "tbr_tally_materials": ["Blanket_inboard", "Blanket_outboard"]}}