{"TBR_Blanket_inboard": {"material": {"0": 9}, "nuclide": {"0": "total"}, "score": {"0": "(n,Xt)"}, "mean": {"0": 0.2434728811}, "std. dev.": {"0": 0.0054207971}}, "TBR_Blanket_outboard": {"material": {"0": 18}, "nuclide": {"0": "total"}, "score": {"0": "(n,Xt)"}, "mean": {"0": 0.7136650795}, "std. dev.": {"0": 0.0119617545}}, "Scatter_Firstwall_inboard": {"material": {"0": 28}, "particle": {"0": "neutron"}, "nuclide": {"0": "total"}, "score": {"0": "scatter"}, "mean": {"0": 1.9120924906}, "std. dev.": {"0": 0.0389247368}}, "Absorption_Firstwall_inboard": {"material": {"0": 28}, "particle": {"0": "neutron"}, "nuclide": {"0": "total"}, "score": {"0": "absorption"}, "mean": {"0": 0.047164549}, "std. dev.": {"0": 0.0009213307}}, "Scatter_Firstwall_outboard": {"material": {"0": 33}, "particle": {"0": "neutron"}, "nuclide": {"0": "total"}, "score": {"0": "scatter"}, "mean": {"0": 4.5538697088}, "std. dev.": {"0": 0.0889065147}}, "Absorption_Firstwall_outboard": {"material": {"0": 33}, "particle": {"0": "neutron"}, "nuclide": {"0": "total"}, "score": {"0": "absorption"}, "mean": {"0": 0.0998142573}, "std. dev.": {"0": 0.0041750628}}, "Scatter_Inboard_Structure_Blanket": {"material": {"0": 40}, "particle": {"0": "neutron"}, "nuclide": {"0": "total"}, "score": {"0": "scatter"}, "mean": {"0": 4.2913648379}, "std. dev.": {"0": 0.0950407483}}, "Absorption_Inboard_Structure_Blanket": {"material": {"0": 40}, "particle": {"0": "neutron"}, "nuclide": {"0": "total"}, "score": {"0": "absorption"}, "mean": {"0": 0.0311194709}, "std. dev.": {"0": 0.0013326759}}, "Multiplication_Multiplier_inboard": {"material": {"0": 59}, "particle": {"0": "neutron"}, "nuclide": {"0": "total"}, "score": {"0": "(n,2n)"}, "mean": {"0": 0.0456975366}, "std. dev.": {"0": 0.001821444}}, "Multiplication_Multiplier_outboard": {"material": {"0": 64}, "particle": {"0": "neutron"}, "nuclide": {"0": "total"}, "score": {"0": "(n,2n)"}, "mean": {"0": 0.1419315767}, "std. dev.": {"0": 0.0031478835}}, "Scatter_Outboard_Structure_Blanket": {"material": {"0": 71}, "particle": {"0": "neutron"}, "nuclide": {"0": "total"}, "score": {"0": "scatter"}, "mean": {"0": 8.492066023}, "std. dev.": {"0": 0.1133166789}}, "Absorption_Outboard_Structure_Blanket": {"material": {"0": 71}, "particle": {"0": "neutron"}, "nuclide": {"0": "total"}, "score": {"0": "absorption"}, "mean": {"0": 0.0661399246}, "std. dev.": {"0": 0.003042894}}, "Scatter_Reflector_inboard": {"material": {"0": 76}, "particle": {"0": "neutron"}, "nuclide": {"0": "total"}, "score": {"0": "scatter"}, "mean": {"0": 1.5740299374}, "std. dev.": {"0": 0.0827946641}}, "Absorption_Reflector_inboard": {"material": {"0": 76}, "particle": {"0": "neutron"}, "nuclide": {"0": "total"}, "score": {"0": "absorption"}, "mean": {"0": 0.0011383345}, "std. dev.": {"0": 0.0001313132}}, "Scatter_Reflector_outboard": {"material": {"0": 81}, "particle": {"0": "neutron"}, "nuclide": {"0": "total"}, "score": {"0": "scatter"}, "mean": {"0": 2.5856055834}, "std. dev.": {"0": 0.0696041488}}, "Absorption_Reflector_outboard": {"material": {"0": 81}, "particle": {"0": "neutron"}, "nuclide": {"0": "total"}, "score": {"0": "absorption"}, "mean": {"0": 0.0038167688}, "std. dev.": {"0": 0.0002508153}}}