{"materials": {"Divertor": {"Tungsten": {"mixture_amount": 100, "enriched": false}}, "Inboard_Structure_Blanket": {"eurofer": {"mixture_amount": 80, "enriched": false}, "Helium, Natural": {"mixture_amount": 20, "enriched": false}}, "Outboard_Structure_Blanket": {"eurofer": {"mixture_amount": 80, "enriched": false}, "Xenon": {"mixture_amount": 20, "enriched": false}}, "Blanket_inboard": {"Lithium": {"mixture_amount": 80, "enriched": true, "enrichment_amount": 20, "enrichment_target": "Li6"}, "Water, Vapor": {"mixture_amount": 10, "enriched": false}, "eurofer": {"mixture_amount": 10, "enriched": false}}, "Blanket_outboard": {"Lithium": {"mixture_amount": 80, "enriched": true, "enrichment_amount": 20, "enrichment_target": "Li6"}, "Water, Vapor": {"mixture_amount": 10, "enriched": false}, "eurofer": {"mixture_amount": 10, "enriched": false}}, "Manifold_inboard": {"eurofer": {"mixture_amount": 80, "enriched": false}, "Nitrogen": {"mixture_amount": 20, "enriched": false}}, "Manifold_outboard": {"eurofer": {"mixture_amount": 80, "enriched": false}, "Nitrogen": {"mixture_amount": 20, "enriched": false}}, "Firstwall_inboard": {"Tungsten": {"mixture_amount": 100, "enriched": false}}, "Firstwall_outboard": {"Tungsten": {"mixture_amount": 100, "enriched": false}}, "Multiplier_inboard": {"Be12Ti": {"mixture_amount": 100, "enriched": false}}, "Multiplier_outboard": {"Be12Ti": {"mixture_amount": 100, "enriched": false}}, "Reflector_inboard": {"Beryllium": {"mixture_amount": 100, "enriched": false}}, "Reflector_outboard": {"Beryllium": {"mixture_amount": 100, "enriched": false}}}, "geometry": {"firstwall_thickness": 1.8, "blanket_outboard_thickness": 90.0, "blanket_inboard_thickness": 60.0, "manifold_thickness": 15.0, "plasma_offset": 15.0, "blanket_structure_thickness": 5.0, "distance_between_segments": 10.0, "multiplier_thickness": 5.0, "reflector_thickness": 5.0, "amount_of_segments_poloidal": 6, "amount_of_segments_toroidal_outboard": 36, "amount_of_segments_toroidal_inboard": 36, "minor_radius": 290.0, "major_radius": 900.0, "triangularity": 0.5, "elongation": 1.84, "angle_start": 0.0, "angle_end": 90.0, "outer_sphere": 10000.0}, "source": {"type": "tokamak source"}, "settings": {"temperature": 600.0, "run_mode": "fixed source", "batches": 5, "particles": 1000, "num_tracks": 0, "blanket_type": "User"}, "tally": {"scatter_tally_materials": ["Firstwall_inboard", "Firstwall_outboard", "Inboard_Structure_Blanket", "Outboard_Structure_Blanket", "Reflector_inboard", "Reflector_outboard"], "absorbtion_tally_materials": ["Firstwall_inboard", "Firstwall_outboard", "Inboard_Structure_Blanket", "Outboard_Structure_Blanket", "Reflector_inboard", "Reflector_outboard"], "multiplication_tally_materials": ["Multiplier_inboard", "Multiplier_outboard"], "tbr_tally_materials": ["Blanket_inboard", "Blanket_outboard"]}}