{"Scatter_Inboard_Structure_Blanket": {"material": {"0": 12}, "particle": {"0": "neutron"}, "nuclide": {"0": "total"}, "score": {"0": "scatter"}, "mean": {"0": 4.2790408576}, "std. dev.": {"0": 0.0824480562}}, "Absorption_Inboard_Structure_Blanket": {"material": {"0": 12}, "particle": {"0": "neutron"}, "nuclide": {"0": "total"}, "score": {"0": "absorption"}, "mean": {"0": 0.030943212}, "std. dev.": {"0": 0.0012220827}}, "Scatter_Outboard_Structure_Blanket": {"material": {"0": 19}, "particle": {"0": "neutron"}, "nuclide": {"0": "total"}, "score": {"0": "scatter"}, "mean": {"0": 8.669356432}, "std. dev.": {"0": 0.1283603825}}, "Absorption_Outboard_Structure_Blanket": {"material": {"0": 19}, "particle": {"0": "neutron"}, "nuclide": {"0": "total"}, "score": {"0": "absorption"}, "mean": {"0": 0.0679389329}, "std. dev.": {"0": 0.0020343042}}, "TBR_Blanket_inboard": {"material": {"0": 28}, "nuclide": {"0": "total"}, "score": {"0": "(n,Xt)"}, "mean": {"0": 0.2295315777}, "std. dev.": {"0": 0.0063158859}}, "TBR_Blanket_outboard": {"material": {"0": 37}, "nuclide": {"0": "total"}, "score": {"0": "(n,Xt)"}, "mean": {"0": 0.7131917289}, "std. dev.": {"0": 0.0118759391}}, "Scatter_Firstwall_inboard": {"material": {"0": 56}, "particle": {"0": "neutron"}, "nuclide": {"0": "total"}, "score": {"0": "scatter"}, "mean": {"0": 1.8739766196}, "std. dev.": {"0": 0.0535694337}}, "Absorption_Firstwall_inboard": {"material": {"0": 56}, "particle": {"0": "neutron"}, "nuclide": {"0": "total"}, "score": {"0": "absorption"}, "mean": {"0": 0.0456265475}, "std. dev.": {"0": 0.0019474473}}, "Scatter_Firstwall_outboard": {"material": {"0": 61}, "particle": {"0": "neutron"}, "nuclide": {"0": "total"}, "score": {"0": "scatter"}, "mean": {"0": 4.3797238354}, "std. dev.": {"0": 0.0822726031}}, "Absorption_Firstwall_outboard": {"material": {"0": 61}, "particle": {"0": "neutron"}, "nuclide": {"0": "total"}, "score": {"0": "absorption"}, "mean": {"0": 0.0888955071}, "std. dev.": {"0": 0.0034746782}}, "Multiplication_Multiplier_inboard": {"material": {"0": 66}, "particle": {"0": "neutron"}, "nuclide": {"0": "total"}, "score": {"0": "(n,2n)"}, "mean": {"0": 0.0429724459}, "std. dev.": {"0": 0.0032379366}}, "Multiplication_Multiplier_outboard": {"material": {"0": 71}, "particle": {"0": "neutron"}, "nuclide": {"0": "total"}, "score": {"0": "(n,2n)"}, "mean": {"0": 0.1464572546}, "std. dev.": {"0": 0.0050522978}}, "Scatter_Reflector_inboard": {"material": {"0": 76}, "particle": {"0": "neutron"}, "nuclide": {"0": "total"}, "score": {"0": "scatter"}, "mean": {"0": 1.4724606937}, "std. dev.": {"0": 0.065783043}}, "Absorption_Reflector_inboard": {"material": {"0": 76}, "particle": {"0": "neutron"}, "nuclide": {"0": "total"}, "score": {"0": "absorption"}, "mean": {"0": 0.0012389864}, "std. dev.": {"0": 0.0001973395}}, "Scatter_Reflector_outboard": {"material": {"0": 81}, "particle": {"0": "neutron"}, "nuclide": {"0": "total"}, "score": {"0": "scatter"}, "mean": {"0": 2.7397053875}, "std. dev.": {"0": 0.0351566329}}, "Absorption_Reflector_outboard": {"material": {"0": 81}, "particle": {"0": "neutron"}, "nuclide": {"0": "total"}, "score": {"0": "absorption"}, "mean": {"0": 0.0039925606}, "std. dev.": {"0": 0.0001599571}}}