{
    "@context": "https://w3id.org/ro/crate/1.1/context",
    "@graph": [
        {
            "@id": "./",
            "@type": "Dataset",
            "conformsTo": [
                {
                    "@id": "https://w3id.org/ro/wfrun/process/0.1"
                },
                {
                    "@id": "https://w3id.org/ro/wfrun/workflow/0.1"
                },
                {
                    "@id": "https://w3id.org/workflowhub/workflow-ro-crate/1.0"
                }
            ],
            "datePublished": "2024-06-18T14:39:31+00:00",
            "hasPart": [
                {
                    "@id": "workflows/e2aa9ef2c2f0123e.abstract.cwl"
                },
                {
                    "@id": "workflows/e2aa9ef2c2f0123e.gxwf.yml"
                },
                {
                    "@id": "workflows/e2aa9ef2c2f0123e.ga"
                },
                {
                    "@id": "workflows/e2aa9ef2c2f0123e.html"
                },
                {
                    "@id": "datasets_attrs.txt"
                },
                {
                    "@id": "jobs_attrs.txt"
                },
                {
                    "@id": "implicit_collection_jobs_attrs.txt"
                },
                {
                    "@id": "collections_attrs.txt"
                },
                {
                    "@id": "export_attrs.txt"
                },
                {
                    "@id": "libraries_attrs.txt"
                },
                {
                    "@id": "library_folders_attrs.txt"
                },
                {
                    "@id": "invocation_attrs.txt"
                }
            ],
            "license": "",
            "mainEntity": {
                "@id": "workflows/e2aa9ef2c2f0123e.gxwf.yml"
            },
            "mentions": [
                {
                    "@id": "#f9dfce1d-ebdf-433d-9985-eb92e3c223f6"
                }
            ]
        },
        {
            "@id": "ro-crate-metadata.json",
            "@type": "CreativeWork",
            "about": {
                "@id": "./"
            },
            "conformsTo": [
                {
                    "@id": "https://w3id.org/ro/crate/1.1"
                },
                {
                    "@id": "https://w3id.org/workflowhub/workflow-ro-crate/1.0"
                }
            ]
        },
        {
            "@id": "workflows/e2aa9ef2c2f0123e.abstract.cwl",
            "@type": [
                "File",
                "SoftwareSourceCode",
                "HowTo"
            ],
            "name": "workflows/e2aa9ef2c2f0123e.abstract",
            "programmingLanguage": {
                "@id": "https://w3id.org/workflowhub/workflow-ro-crate#cwl"
            }
        },
        {
            "@id": "https://w3id.org/workflowhub/workflow-ro-crate#cwl",
            "@type": "ComputerLanguage",
            "alternateName": "CWL",
            "identifier": {
                "@id": "https://w3id.org/cwl/"
            },
            "name": "Common Workflow Language",
            "url": {
                "@id": "https://www.commonwl.org/"
            }
        },
        {
            "@id": "workflows/e2aa9ef2c2f0123e.gxwf.yml",
            "@type": [
                "File",
                "SoftwareSourceCode",
                "ComputationalWorkflow"
            ],
            "input": [
                {
                    "@id": "#config_json_string-param"
                },
                {
                    "@id": "#uid-param"
                }
            ],
            "name": "parametric_json_inout",
            "programmingLanguage": {
                "@id": "https://w3id.org/workflowhub/workflow-ro-crate#galaxy"
            },
            "subjectOf": {
                "@id": "workflows/e2aa9ef2c2f0123e.abstract.cwl"
            }
        },
        {
            "@id": "https://w3id.org/workflowhub/workflow-ro-crate#galaxy",
            "@type": "ComputerLanguage",
            "identifier": {
                "@id": "https://galaxyproject.org/"
            },
            "name": "Galaxy",
            "url": {
                "@id": "https://galaxyproject.org/"
            }
        },
        {
            "@id": "workflows/e2aa9ef2c2f0123e.ga",
            "@type": [
                "File",
                "SoftwareSourceCode",
                "ComputationalWorkflow"
            ],
            "name": "workflows/e2aa9ef2c2f0123e",
            "programmingLanguage": {
                "@id": "https://w3id.org/workflowhub/workflow-ro-crate#galaxy"
            }
        },
        {
            "@id": "workflows/e2aa9ef2c2f0123e.html",
            "@type": [
                "File",
                "SoftwareSourceCode",
                "ComputationalWorkflow"
            ],
            "name": "workflows/e2aa9ef2c2f0123e",
            "programmingLanguage": {
                "@id": "https://w3id.org/workflowhub/workflow-ro-crate#galaxy"
            }
        },
        {
            "@id": "#aabde324-f640-4bcf-8023-82a431c079a1",
            "@type": "SoftwareApplication",
            "name": "Galaxy workflow engine"
        },
        {
            "@id": "#c566e10b-bbe4-4433-94a2-60437bee4141",
            "@type": "OrganizeAction",
            "endTime": "2024-05-24T16:36:32.779123",
            "instrument": {
                "@id": "#aabde324-f640-4bcf-8023-82a431c079a1"
            },
            "name": "Run of Galaxy workflow engine",
            "startTime": "2024-05-24T16:36:31.537551"
        },
        {
            "@id": "#f9dfce1d-ebdf-433d-9985-eb92e3c223f6",
            "@type": "CreateAction",
            "endTime": "2024-05-22T11:34:04.159701",
            "instrument": {
                "@id": "workflows/e2aa9ef2c2f0123e.gxwf.yml"
            },
            "name": "parametric_json_inout",
            "object": [
                {
                    "@id": "#config_json_string-pv"
                },
                {
                    "@id": "#uid-pv"
                }
            ],
            "startTime": "2024-05-22T11:34:04.159694"
        },
        {
            "@id": "https://w3id.org/ro/wfrun/process/0.1",
            "@type": "CreativeWork",
            "name": "Process Run Crate",
            "version": "0.1"
        },
        {
            "@id": "https://w3id.org/ro/wfrun/workflow/0.1",
            "@type": "CreativeWork",
            "name": "Workflow Run Crate",
            "version": "0.1"
        },
        {
            "@id": "https://w3id.org/workflowhub/workflow-ro-crate/1.0",
            "@type": "CreativeWork",
            "name": "Workflow RO-Crate",
            "version": "1.0"
        },
        {
            "@id": "#config_json_string-pv",
            "@type": "PropertyValue",
            "exampleOfWork": {
                "@id": "#config_json_string-param"
            },
            "name": "config_json_string",
            "value": {
                "geometry": {
                    "amount_of_segments_poloidal": 6,
                    "amount_of_segments_toroidal_inboard": 36,
                    "amount_of_segments_toroidal_outboard": 36,
                    "angle_end": 90.0,
                    "angle_start": 0.0,
                    "blanket_inboard_thickness": 60.0,
                    "blanket_outboard_thickness": 90.0,
                    "blanket_structure_thickness": 5.0,
                    "distance_between_segments": 10.0,
                    "elongation": 1.84,
                    "firstwall_thickness": 1.8,
                    "major_radius": 900.0,
                    "manifold_thickness": 15.0,
                    "minor_radius": 290.0,
                    "multiplier_thickness": 5.0,
                    "outer_sphere": 10000.0,
                    "plasma_offset": 15.0,
                    "reflector_thickness": 5.0,
                    "triangularity": 0.5
                },
                "materials": {
                    "Blanket_inboard": {
                        "Lithium": {
                            "enriched": true,
                            "enrichment_amount": 20,
                            "enrichment_target": "Li6",
                            "mixture_amount": 80
                        },
                        "Water, Vapor": {
                            "enriched": false,
                            "mixture_amount": 10
                        },
                        "eurofer": {
                            "enriched": false,
                            "mixture_amount": 10
                        }
                    },
                    "Blanket_outboard": {
                        "Lithium": {
                            "enriched": true,
                            "enrichment_amount": 20,
                            "enrichment_target": "Li6",
                            "mixture_amount": 80
                        },
                        "Water, Vapor": {
                            "enriched": false,
                            "mixture_amount": 10
                        },
                        "eurofer": {
                            "enriched": false,
                            "mixture_amount": 10
                        }
                    },
                    "Divertor": {
                        "Tungsten": {
                            "enriched": false,
                            "mixture_amount": 100
                        }
                    },
                    "Firstwall_inboard": {
                        "Tungsten": {
                            "enriched": false,
                            "mixture_amount": 100
                        }
                    },
                    "Firstwall_outboard": {
                        "Tungsten": {
                            "enriched": false,
                            "mixture_amount": 100
                        }
                    },
                    "Inboard_Structure_Blanket": {
                        "Helium, Natural": {
                            "enriched": false,
                            "mixture_amount": 20
                        },
                        "eurofer": {
                            "enriched": false,
                            "mixture_amount": 80
                        }
                    },
                    "Manifold_inboard": {
                        "Nitrogen": {
                            "enriched": false,
                            "mixture_amount": 20
                        },
                        "eurofer": {
                            "enriched": false,
                            "mixture_amount": 80
                        }
                    },
                    "Manifold_outboard": {
                        "Nitrogen": {
                            "enriched": false,
                            "mixture_amount": 20
                        },
                        "eurofer": {
                            "enriched": false,
                            "mixture_amount": 80
                        }
                    },
                    "Multiplier_inboard": {
                        "Be12Ti": {
                            "enriched": false,
                            "mixture_amount": 100
                        }
                    },
                    "Multiplier_outboard": {
                        "Be12Ti": {
                            "enriched": false,
                            "mixture_amount": 100
                        }
                    },
                    "Outboard_Structure_Blanket": {
                        "Xenon": {
                            "enriched": false,
                            "mixture_amount": 20
                        },
                        "eurofer": {
                            "enriched": false,
                            "mixture_amount": 80
                        }
                    },
                    "Reflector_inboard": {
                        "Beryllium": {
                            "enriched": false,
                            "mixture_amount": 100
                        }
                    },
                    "Reflector_outboard": {
                        "Beryllium": {
                            "enriched": false,
                            "mixture_amount": 100
                        }
                    }
                },
                "settings": {
                    "batches": 5,
                    "blanket_type": "User",
                    "num_tracks": 0,
                    "particles": 1000,
                    "run_mode": "fixed source",
                    "temperature": 600.0
                },
                "source": {
                    "type": "tokamak source"
                },
                "tally": {
                    "absorbtion_tally_materials": [
                        "Firstwall_inboard",
                        "Firstwall_outboard",
                        "Inboard_Structure_Blanket",
                        "Outboard_Structure_Blanket",
                        "Reflector_inboard",
                        "Reflector_outboard"
                    ],
                    "multiplication_tally_materials": [
                        "Multiplier_inboard",
                        "Multiplier_outboard"
                    ],
                    "scatter_tally_materials": [
                        "Firstwall_inboard",
                        "Firstwall_outboard",
                        "Inboard_Structure_Blanket",
                        "Outboard_Structure_Blanket",
                        "Reflector_inboard",
                        "Reflector_outboard"
                    ],
                    "tbr_tally_materials": [
                        "Blanket_inboard",
                        "Blanket_outboard"
                    ]
                }
            }
        },
        {
            "@id": "#config_json_string-param",
            "@type": "FormalParameter",
            "additionalType": "Text",
            "description": "",
            "name": "config_json_string",
            "valueRequired": "True"
        },
        {
            "@id": "#uid-pv",
            "@type": "PropertyValue",
            "exampleOfWork": {
                "@id": "#uid-param"
            },
            "name": "uid",
            "value": "fb5125a91cac4197bbfe94275f61a51a"
        },
        {
            "@id": "#uid-param",
            "@type": "FormalParameter",
            "additionalType": "Text",
            "description": "",
            "name": "uid",
            "valueRequired": "True"
        },
        {
            "@id": "datasets_attrs.txt",
            "@type": "File",
            "description": "datasets properties",
            "encodingFormat": "application/json",
            "version": "2.0"
        },
        {
            "@id": "jobs_attrs.txt",
            "@type": "File",
            "description": "jobs properties",
            "encodingFormat": "application/json",
            "version": "2.0"
        },
        {
            "@id": "implicit_collection_jobs_attrs.txt",
            "@type": "File",
            "description": "implicit collection jobs properties",
            "encodingFormat": "application/json",
            "version": "2.0"
        },
        {
            "@id": "collections_attrs.txt",
            "@type": "File",
            "description": "collections properties",
            "encodingFormat": "application/json",
            "version": "2.0"
        },
        {
            "@id": "export_attrs.txt",
            "@type": "File",
            "description": "export properties",
            "encodingFormat": "application/json",
            "version": "2.0"
        },
        {
            "@id": "libraries_attrs.txt",
            "@type": "File",
            "description": "libraries properties",
            "encodingFormat": "application/json",
            "version": "2.0"
        },
        {
            "@id": "library_folders_attrs.txt",
            "@type": "File",
            "description": "library folders properties",
            "encodingFormat": "application/json",
            "version": "2.0"
        },
        {
            "@id": "invocation_attrs.txt",
            "@type": "File",
            "description": "invocation properties",
            "encodingFormat": "application/json",
            "version": "2.0"
        },
        {
            "@id": "#datasets_attrs.txt.provenance",
            "@type": "CreativeWork",
            "description": "datasets provenance properties",
            "encodingFormat": "application/json",
            "version": "2.0"
        }
    ]
}