{
    "@context": "https://w3id.org/ro/crate/1.1/context",
    "@graph": [
        {
            "@id": "./",
            "@type": "Dataset",
            "conformsTo": [
                {
                    "@id": "https://w3id.org/ro/wfrun/process/0.1"
                },
                {
                    "@id": "https://w3id.org/ro/wfrun/workflow/0.1"
                },
                {
                    "@id": "https://w3id.org/workflowhub/workflow-ro-crate/1.0"
                }
            ],
            "datePublished": "2024-09-17T13:26:57+00:00",
            "hasPart": [
                {
                    "@id": "workflows/e2aa9ef2c2f0123e.abstract.cwl"
                },
                {
                    "@id": "workflows/e2aa9ef2c2f0123e.gxwf.yml"
                },
                {
                    "@id": "workflows/e2aa9ef2c2f0123e.ga"
                },
                {
                    "@id": "workflows/e2aa9ef2c2f0123e.html"
                },
                {
                    "@id": "datasets_attrs.txt"
                },
                {
                    "@id": "jobs_attrs.txt"
                },
                {
                    "@id": "implicit_collection_jobs_attrs.txt"
                },
                {
                    "@id": "collections_attrs.txt"
                },
                {
                    "@id": "export_attrs.txt"
                },
                {
                    "@id": "libraries_attrs.txt"
                },
                {
                    "@id": "library_folders_attrs.txt"
                },
                {
                    "@id": "invocation_attrs.txt"
                }
            ],
            "license": "",
            "mainEntity": {
                "@id": "workflows/e2aa9ef2c2f0123e.gxwf.yml"
            },
            "mentions": [
                {
                    "@id": "#eed61538-95c5-4e75-bc4e-173527806fd7"
                }
            ]
        },
        {
            "@id": "ro-crate-metadata.json",
            "@type": "CreativeWork",
            "about": {
                "@id": "./"
            },
            "conformsTo": [
                {
                    "@id": "https://w3id.org/ro/crate/1.1"
                },
                {
                    "@id": "https://w3id.org/workflowhub/workflow-ro-crate/1.0"
                }
            ]
        },
        {
            "@id": "workflows/e2aa9ef2c2f0123e.abstract.cwl",
            "@type": [
                "File",
                "SoftwareSourceCode",
                "HowTo"
            ],
            "name": "workflows/e2aa9ef2c2f0123e.abstract",
            "programmingLanguage": {
                "@id": "https://w3id.org/workflowhub/workflow-ro-crate#cwl"
            }
        },
        {
            "@id": "https://w3id.org/workflowhub/workflow-ro-crate#cwl",
            "@type": "ComputerLanguage",
            "alternateName": "CWL",
            "identifier": {
                "@id": "https://w3id.org/cwl/"
            },
            "name": "Common Workflow Language",
            "url": {
                "@id": "https://www.commonwl.org/"
            }
        },
        {
            "@id": "workflows/e2aa9ef2c2f0123e.gxwf.yml",
            "@type": [
                "File",
                "SoftwareSourceCode",
                "ComputationalWorkflow"
            ],
            "input": [
                {
                    "@id": "#config_json_string-param"
                },
                {
                    "@id": "#uid-param"
                }
            ],
            "name": "parametric_json_inout",
            "programmingLanguage": {
                "@id": "https://w3id.org/workflowhub/workflow-ro-crate#galaxy"
            },
            "subjectOf": {
                "@id": "workflows/e2aa9ef2c2f0123e.abstract.cwl"
            }
        },
        {
            "@id": "https://w3id.org/workflowhub/workflow-ro-crate#galaxy",
            "@type": "ComputerLanguage",
            "identifier": {
                "@id": "https://galaxyproject.org/"
            },
            "name": "Galaxy",
            "url": {
                "@id": "https://galaxyproject.org/"
            }
        },
        {
            "@id": "workflows/e2aa9ef2c2f0123e.ga",
            "@type": [
                "File",
                "SoftwareSourceCode",
                "ComputationalWorkflow"
            ],
            "name": "workflows/e2aa9ef2c2f0123e",
            "programmingLanguage": {
                "@id": "https://w3id.org/workflowhub/workflow-ro-crate#galaxy"
            }
        },
        {
            "@id": "workflows/e2aa9ef2c2f0123e.html",
            "@type": [
                "File",
                "SoftwareSourceCode",
                "ComputationalWorkflow"
            ],
            "name": "workflows/e2aa9ef2c2f0123e",
            "programmingLanguage": {
                "@id": "https://w3id.org/workflowhub/workflow-ro-crate#galaxy"
            }
        },
        {
            "@id": "#9ff80a61-ec70-40d5-a24a-bcd6ca59e9f0",
            "@type": "SoftwareApplication",
            "name": "Galaxy workflow engine"
        },
        {
            "@id": "#0927e70e-0bd6-499c-8092-833ff88afdff",
            "@type": "OrganizeAction",
            "endTime": "2024-08-15T13:41:22.653382",
            "instrument": {
                "@id": "#9ff80a61-ec70-40d5-a24a-bcd6ca59e9f0"
            },
            "name": "Run of Galaxy workflow engine",
            "startTime": "2024-08-15T13:41:21.841688"
        },
        {
            "@id": "#eed61538-95c5-4e75-bc4e-173527806fd7",
            "@type": "CreateAction",
            "endTime": "2024-05-22T11:34:04.159701",
            "instrument": {
                "@id": "workflows/e2aa9ef2c2f0123e.gxwf.yml"
            },
            "name": "parametric_json_inout",
            "object": [
                {
                    "@id": "#config_json_string-pv"
                },
                {
                    "@id": "#uid-pv"
                }
            ],
            "startTime": "2024-05-22T11:34:04.159694"
        },
        {
            "@id": "https://w3id.org/ro/wfrun/process/0.1",
            "@type": "CreativeWork",
            "name": "Process Run Crate",
            "version": "0.1"
        },
        {
            "@id": "https://w3id.org/ro/wfrun/workflow/0.1",
            "@type": "CreativeWork",
            "name": "Workflow Run Crate",
            "version": "0.1"
        },
        {
            "@id": "https://w3id.org/workflowhub/workflow-ro-crate/1.0",
            "@type": "CreativeWork",
            "name": "Workflow RO-Crate",
            "version": "1.0"
        },
        {
            "@id": "#config_json_string-pv",
            "@type": "PropertyValue",
            "exampleOfWork": {
                "@id": "#config_json_string-param"
            },
            "name": "config_json_string",
            "value": "{\"materials\": {\"Divertor\": {\"Tungsten\": {\"mixture_amount\": 100, \"enriched\": false}}, \"Inboard_Structure_Blanket\": {\"eurofer\": {\"mixture_amount\": 80, \"enriched\": false}, \"Helium, Natural\": {\"mixture_amount\": 20, \"enriched\": false}}, \"Outboard_Structure_Blanket\": {\"eurofer\": {\"mixture_amount\": 80, \"enriched\": false}, \"Xenon\": {\"mixture_amount\": 20, \"enriched\": false}}, \"Blanket_inboard\": {\"Lithium\": {\"mixture_amount\": 80, \"enriched\": true, \"enrichment_amount\": 20, \"enrichment_target\": \"Li6\"}, \"Water, Vapor\": {\"mixture_amount\": 10, \"enriched\": false}, \"eurofer\": {\"mixture_amount\": 10, \"enriched\": false}}, \"Blanket_outboard\": {\"Lithium\": {\"mixture_amount\": 80, \"enriched\": true, \"enrichment_amount\": 20, \"enrichment_target\": \"Li6\"}, \"Water, Vapor\": {\"mixture_amount\": 10, \"enriched\": false}, \"eurofer\": {\"mixture_amount\": 10, \"enriched\": false}}, \"Manifold_inboard\": {\"eurofer\": {\"mixture_amount\": 80, \"enriched\": false}, \"Nitrogen\": {\"mixture_amount\": 20, \"enriched\": false}}, \"Manifold_outboard\": {\"eurofer\": {\"mixture_amount\": 80, \"enriched\": false}, \"Nitrogen\": {\"mixture_amount\": 20, \"enriched\": false}}, \"Firstwall_inboard\": {\"Tungsten\": {\"mixture_amount\": 100, \"enriched\": false}}, \"Firstwall_outboard\": {\"Tungsten\": {\"mixture_amount\": 100, \"enriched\": false}}, \"Multiplier_inboard\": {\"Be12Ti\": {\"mixture_amount\": 100, \"enriched\": false}}, \"Multiplier_outboard\": {\"Be12Ti\": {\"mixture_amount\": 100, \"enriched\": false}}, \"Reflector_inboard\": {\"Beryllium\": {\"mixture_amount\": 100, \"enriched\": false}}, \"Reflector_outboard\": {\"Beryllium\": {\"mixture_amount\": 100, \"enriched\": false}}}, \"geometry\": {\"firstwall_thickness\": 1.8, \"blanket_outboard_thickness\": 90.0, \"blanket_inboard_thickness\": 60.0, \"manifold_thickness\": 15.0, \"plasma_offset\": 15.0, \"blanket_structure_thickness\": 5.0, \"distance_between_segments\": 10.0, \"multiplier_thickness\": 5.0, \"reflector_thickness\": 5.0, \"amount_of_segments_poloidal\": 6, \"amount_of_segments_toroidal_outboard\": 36, \"amount_of_segments_toroidal_inboard\": 36, \"minor_radius\": 290.0, \"major_radius\": 900.0, \"triangularity\": 0.5, \"elongation\": 1.84, \"angle_start\": 0.0, \"angle_end\": 90.0, \"outer_sphere\": 10000.0}, \"source\": {\"type\": \"tokamak source\"}, \"settings\": {\"temperature\": 600.0, \"run_mode\": \"fixed source\", \"batches\": 5, \"particles\": 1000, \"num_tracks\": 0, \"blanket_type\": \"User\"}, \"tally\": {\"scatter_tally_materials\": [\"Firstwall_inboard\", \"Firstwall_outboard\", \"Inboard_Structure_Blanket\", \"Outboard_Structure_Blanket\", \"Reflector_inboard\", \"Reflector_outboard\"], \"absorbtion_tally_materials\": [\"Firstwall_inboard\", \"Firstwall_outboard\", \"Inboard_Structure_Blanket\", \"Outboard_Structure_Blanket\", \"Reflector_inboard\", \"Reflector_outboard\"], \"multiplication_tally_materials\": [\"Multiplier_inboard\", \"Multiplier_outboard\"], \"tbr_tally_materials\": [\"Blanket_inboard\", \"Blanket_outboard\"]}}"
        },
        {
            "@id": "#config_json_string-param",
            "@type": "FormalParameter",
            "additionalType": "Text",
            "description": "",
            "name": "config_json_string",
            "valueRequired": "True"
        },
        {
            "@id": "#uid-pv",
            "@type": "PropertyValue",
            "exampleOfWork": {
                "@id": "#uid-param"
            },
            "name": "uid",
            "value": "1410b2e1be964886a34da1c980d5db42"
        },
        {
            "@id": "#uid-param",
            "@type": "FormalParameter",
            "additionalType": "Text",
            "description": "",
            "name": "uid",
            "valueRequired": "True"
        },
        {
            "@id": "datasets_attrs.txt",
            "@type": "File",
            "description": "datasets properties",
            "encodingFormat": "application/json",
            "version": "2.0"
        },
        {
            "@id": "jobs_attrs.txt",
            "@type": "File",
            "description": "jobs properties",
            "encodingFormat": "application/json",
            "version": "2.0"
        },
        {
            "@id": "implicit_collection_jobs_attrs.txt",
            "@type": "File",
            "description": "implicit collection jobs properties",
            "encodingFormat": "application/json",
            "version": "2.0"
        },
        {
            "@id": "collections_attrs.txt",
            "@type": "File",
            "description": "collections properties",
            "encodingFormat": "application/json",
            "version": "2.0"
        },
        {
            "@id": "export_attrs.txt",
            "@type": "File",
            "description": "export properties",
            "encodingFormat": "application/json",
            "version": "2.0"
        },
        {
            "@id": "libraries_attrs.txt",
            "@type": "File",
            "description": "libraries properties",
            "encodingFormat": "application/json",
            "version": "2.0"
        },
        {
            "@id": "library_folders_attrs.txt",
            "@type": "File",
            "description": "library folders properties",
            "encodingFormat": "application/json",
            "version": "2.0"
        },
        {
            "@id": "invocation_attrs.txt",
            "@type": "File",
            "description": "invocation properties",
            "encodingFormat": "application/json",
            "version": "2.0"
        },
        {
            "@id": "#datasets_attrs.txt.provenance",
            "@type": "CreativeWork",
            "description": "datasets provenance properties",
            "encodingFormat": "application/json",
            "version": "2.0"
        }
    ]
}