{"materials": {"divertor": {"Tungsten": 100}, "blanket": {"Lithium": [77, 30, "Li6"], "eurofer": 16, "Helium, Natural": 7}, "firstwall": {"Tungsten": 100}, "plasma": {"Hydrogen": [50, 100, "H3"]}}, "geometry": {"minor_radius": 20, "major_radius": 62, "triangularity": 0.55, "elongation": 1, "first_wall_thickness": 1, "blanket_thickness": 5, "plasma_offset": 1, "angle_start": 0, "angle_end": 90, "outer_sphere": 1000}, "source": {"type": "tokamak source"}, "settings": {"temperature": 600, "run_mode": "fixed source", "batches": 5, "particles": 1000, "num_tracks": 0}}
