{
    "@context": "https://w3id.org/ro/crate/1.1/context",
    "@graph": [
        {
            "@id": "./",
            "@type": "Dataset",
            "conformsTo": [
                {
                    "@id": "https://w3id.org/ro/wfrun/process/0.1"
                },
                {
                    "@id": "https://w3id.org/ro/wfrun/workflow/0.1"
                },
                {
                    "@id": "https://w3id.org/workflowhub/workflow-ro-crate/1.0"
                }
            ],
            "datePublished": "2024-09-17T13:26:26+00:00",
            "hasPart": [
                {
                    "@id": "workflows/808f4c38a5cbb26e.gxwf.yml"
                },
                {
                    "@id": "workflows/808f4c38a5cbb26e.html"
                },
                {
                    "@id": "workflows/808f4c38a5cbb26e.ga"
                },
                {
                    "@id": "workflows/808f4c38a5cbb26e.abstract.cwl"
                },
                {
                    "@id": "datasets/Galaxy1-[30_5.json].json_00aed645df95d19a.json"
                },
                {
                    "@id": "datasets_attrs.txt"
                },
                {
                    "@id": "jobs_attrs.txt"
                },
                {
                    "@id": "implicit_collection_jobs_attrs.txt"
                },
                {
                    "@id": "collections_attrs.txt"
                },
                {
                    "@id": "export_attrs.txt"
                },
                {
                    "@id": "libraries_attrs.txt"
                },
                {
                    "@id": "library_folders_attrs.txt"
                },
                {
                    "@id": "invocation_attrs.txt"
                }
            ],
            "license": "",
            "mainEntity": {
                "@id": "workflows/808f4c38a5cbb26e.gxwf.yml"
            },
            "mentions": [
                {
                    "@id": "#75126eb6-8d6c-42f3-beff-c30ef136f060"
                }
            ]
        },
        {
            "@id": "ro-crate-metadata.json",
            "@type": "CreativeWork",
            "about": {
                "@id": "./"
            },
            "conformsTo": [
                {
                    "@id": "https://w3id.org/ro/crate/1.1"
                },
                {
                    "@id": "https://w3id.org/workflowhub/workflow-ro-crate/1.0"
                }
            ]
        },
        {
            "@id": "workflows/808f4c38a5cbb26e.gxwf.yml",
            "@type": [
                "File",
                "SoftwareSourceCode",
                "ComputationalWorkflow"
            ],
            "input": [
                {
                    "@id": "#63712a9d-1b5d-4afe-a7b0-58ddff7de59c"
                }
            ],
            "name": "Demo Neutronics",
            "programmingLanguage": {
                "@id": "https://w3id.org/workflowhub/workflow-ro-crate#galaxy"
            },
            "subjectOf": {
                "@id": "workflows/808f4c38a5cbb26e.abstract.cwl"
            }
        },
        {
            "@id": "https://w3id.org/workflowhub/workflow-ro-crate#galaxy",
            "@type": "ComputerLanguage",
            "identifier": {
                "@id": "https://galaxyproject.org/"
            },
            "name": "Galaxy",
            "url": {
                "@id": "https://galaxyproject.org/"
            }
        },
        {
            "@id": "workflows/808f4c38a5cbb26e.html",
            "@type": [
                "File",
                "SoftwareSourceCode",
                "ComputationalWorkflow"
            ],
            "name": "workflows/808f4c38a5cbb26e",
            "programmingLanguage": {
                "@id": "https://w3id.org/workflowhub/workflow-ro-crate#galaxy"
            }
        },
        {
            "@id": "workflows/808f4c38a5cbb26e.ga",
            "@type": [
                "File",
                "SoftwareSourceCode",
                "ComputationalWorkflow"
            ],
            "name": "workflows/808f4c38a5cbb26e",
            "programmingLanguage": {
                "@id": "https://w3id.org/workflowhub/workflow-ro-crate#galaxy"
            }
        },
        {
            "@id": "workflows/808f4c38a5cbb26e.abstract.cwl",
            "@type": [
                "File",
                "SoftwareSourceCode",
                "HowTo"
            ],
            "name": "workflows/808f4c38a5cbb26e.abstract",
            "programmingLanguage": {
                "@id": "https://w3id.org/workflowhub/workflow-ro-crate#cwl"
            }
        },
        {
            "@id": "https://w3id.org/workflowhub/workflow-ro-crate#cwl",
            "@type": "ComputerLanguage",
            "alternateName": "CWL",
            "identifier": {
                "@id": "https://w3id.org/cwl/"
            },
            "name": "Common Workflow Language",
            "url": {
                "@id": "https://www.commonwl.org/"
            }
        },
        {
            "@id": "#ee2378c3-194a-4b43-bea0-022da0a43256",
            "@type": "SoftwareApplication",
            "name": "Galaxy workflow engine"
        },
        {
            "@id": "#9dab0e6f-c775-4368-8a7c-480294af70ae",
            "@type": "OrganizeAction",
            "endTime": "2024-08-20T13:30:26.813344",
            "instrument": {
                "@id": "#ee2378c3-194a-4b43-bea0-022da0a43256"
            },
            "name": "Run of Galaxy workflow engine",
            "startTime": "2024-08-20T13:30:26.372911"
        },
        {
            "@id": "#75126eb6-8d6c-42f3-beff-c30ef136f060",
            "@type": "CreateAction",
            "endTime": "2024-04-02T12:29:13.492658",
            "instrument": {
                "@id": "workflows/808f4c38a5cbb26e.gxwf.yml"
            },
            "name": "Demo Neutronics",
            "object": [
                {
                    "@id": "datasets/Galaxy1-[30_5.json].json_00aed645df95d19a.json"
                }
            ],
            "startTime": "2024-04-02T12:29:13.492652"
        },
        {
            "@id": "datasets/Galaxy1-[30_5.json].json_00aed645df95d19a.json",
            "@type": "File",
            "encodingFormat": "application/json",
            "exampleOfWork": {
                "@id": "#63712a9d-1b5d-4afe-a7b0-58ddff7de59c"
            },
            "name": "Galaxy1-[30_5.json].json"
        },
        {
            "@id": "#63712a9d-1b5d-4afe-a7b0-58ddff7de59c",
            "@type": "FormalParameter",
            "additionalType": "File",
            "description": "",
            "name": "Galaxy1-[30_5.json].json"
        },
        {
            "@id": "https://w3id.org/ro/wfrun/process/0.1",
            "@type": "CreativeWork",
            "name": "Process Run Crate",
            "version": "0.1"
        },
        {
            "@id": "https://w3id.org/ro/wfrun/workflow/0.1",
            "@type": "CreativeWork",
            "name": "Workflow Run Crate",
            "version": "0.1"
        },
        {
            "@id": "https://w3id.org/workflowhub/workflow-ro-crate/1.0",
            "@type": "CreativeWork",
            "name": "Workflow RO-Crate",
            "version": "1.0"
        },
        {
            "@id": "datasets_attrs.txt",
            "@type": "File",
            "description": "datasets properties",
            "encodingFormat": "application/json",
            "version": "2.0"
        },
        {
            "@id": "jobs_attrs.txt",
            "@type": "File",
            "description": "jobs properties",
            "encodingFormat": "application/json",
            "version": "2.0"
        },
        {
            "@id": "implicit_collection_jobs_attrs.txt",
            "@type": "File",
            "description": "implicit collection jobs properties",
            "encodingFormat": "application/json",
            "version": "2.0"
        },
        {
            "@id": "collections_attrs.txt",
            "@type": "File",
            "description": "collections properties",
            "encodingFormat": "application/json",
            "version": "2.0"
        },
        {
            "@id": "export_attrs.txt",
            "@type": "File",
            "description": "export properties",
            "encodingFormat": "application/json",
            "version": "2.0"
        },
        {
            "@id": "libraries_attrs.txt",
            "@type": "File",
            "description": "libraries properties",
            "encodingFormat": "application/json",
            "version": "2.0"
        },
        {
            "@id": "library_folders_attrs.txt",
            "@type": "File",
            "description": "library folders properties",
            "encodingFormat": "application/json",
            "version": "2.0"
        },
        {
            "@id": "invocation_attrs.txt",
            "@type": "File",
            "description": "invocation properties",
            "encodingFormat": "application/json",
            "version": "2.0"
        },
        {
            "@id": "#datasets_attrs.txt.provenance",
            "@type": "CreativeWork",
            "description": "datasets provenance properties",
            "encodingFormat": "application/json",
            "version": "2.0"
        }
    ]
}